gen_id,senaryo,growth,wt_buyume,oran,status,esansiyel,atpase_geni_mi
MMSYN1_0425,Referans_kisitsiz,,0.3423931198230066,0.0,infeasible,True,False
MMSYN1_0475,Referans_kisitsiz,0.34239311982314563,0.3423931198230066,1.0000000000004061,optimal,False,False
MMSYN1_0394,Referans_kisitsiz,0.3546984351484395,0.3423931198230066,1.03593914308732,optimal,False,False
MMSYN1_0316,Referans_kisitsiz,,0.3423931198230066,0.0,infeasible,True,False
MMSYN1_0512,Referans_kisitsiz,,0.3423931198230066,0.0,infeasible,True,False
MMSYN1_0288,Referans_kisitsiz,,0.3423931198230066,0.0,infeasible,True,False
MMSYN1_0426,Referans_kisitsiz,,0.3423931198230066,0.0,infeasible,True,False
MMSYN1_0819,Referans_kisitsiz,,0.3423931198230066,0.0,infeasible,True,False
MMSYN1_0823,Referans_kisitsiz,,0.3423931198230066,0.0,infeasible,True,False
MMSYN1_0779,Referans_kisitsiz,,0.3423931198230066,0.0,infeasible,True,False
MMSYN1_0304,Referans_kisitsiz,,0.3423931198230066,0.0,infeasible,True,False
MMSYN1_0308,Referans_kisitsiz,,0.3423931198230066,0.0,infeasible,True,False
MMSYN1_0435,Referans_kisitsiz,0.34239311982314463,0.3423931198230066,1.0000000000004032,optimal,False,False
MMSYN1_0813,Referans_kisitsiz,,0.3423931198230066,0.0,infeasible,True,False
MMSYN1_0432,Referans_kisitsiz,0.3423931198231439,0.3423931198230066,1.000000000000401,optimal,False,False
MMSYN1_0445,Referans_kisitsiz,,0.3423931198230066,0.0,infeasible,True,False
MMSYN1_0401,Referans_kisitsiz,0.3423931198231445,0.3423931198230066,1.0000000000004028,optimal,False,False
MMSYN1_0515,Referans_kisitsiz,0.3423931198231455,0.3423931198230066,1.000000000000406,optimal,False,False
MMSYN1_0643,Referans_kisitsiz,,0.3423931198230066,0.0,infeasible,True,False
MMSYN1_0689,Referans_kisitsiz,,0.3423931198230066,0.0,infeasible,True,False
MMSYN1_0382,Referans_kisitsiz,0.3423931198231439,0.3423931198230066,1.000000000000401,optimal,False,False
MMSYN1_0113,Referans_kisitsiz,,0.3423931198230066,0.0,infeasible,True,False
MMSYN1_0875,Referans_kisitsiz,,0.3423931198230066,0.0,infeasible,True,False
MMSYN1_0451,Referans_kisitsiz,0.3423931198231439,0.3423931198230066,1.000000000000401,optimal,False,False
MMSYN1_0836,Referans_kisitsiz,,0.3423931198230066,0.0,infeasible,True,False
MMSYN1_0831,Referans_kisitsiz,,0.3423931198230066,0.0,infeasible,True,False
MMSYN1_0222,Referans_kisitsiz,,0.3423931198230066,0.0,infeasible,True,False
MMSYN1_0427,Referans_kisitsiz,,0.3423931198230066,0.0,infeasible,True,False
MMSYN1_0012,Referans_kisitsiz,,0.3423931198230066,0.0,infeasible,True,False
MMSYN1_0061,Referans_kisitsiz,,0.3423931198230066,0.0,infeasible,True,False
MMSYN1_0234,Referans_kisitsiz,,0.3423931198230066,0.0,infeasible,True,False
MMSYN1_0729,Referans_kisitsiz,,0.3423931198230066,0.0,infeasible,True,False
MMSYN1_0140,Referans_kisitsiz,,0.3423931198230066,0.0,infeasible,True,False
MMSYN1_0634,Referans_kisitsiz,,0.3423931198230066,0.0,infeasible,True,False
MMSYN1_0642,Referans_kisitsiz,,0.3423931198230066,0.0,infeasible,True,False
MMSYN1_0420,Referans_kisitsiz,,0.3423931198230066,0.0,infeasible,True,False
MMSYN1_0444,Referans_kisitsiz,0.3423931198231508,0.3423931198230066,1.0000000000004212,optimal,False,False
MMSYN1_0065,Referans_kisitsiz,,0.3423931198230066,0.0,infeasible,True,False
MMSYN1_0878,Referans_kisitsiz,0.3423931198231439,0.3423931198230066,1.000000000000401,optimal,False,False
MMSYN1_0259,Referans_kisitsiz,,0.3423931198230066,0.0,infeasible,True,False
MMSYN1_0230,Referans_kisitsiz,0.2153158531247575,0.3423931198230066,0.6288556651957867,optimal,False,False
MMSYN1_0614,Referans_kisitsiz,,0.3423931198230066,0.0,infeasible,True,False
MMSYN1_0792,Referans_kisitsiz,0.34618176271450896,0.3423931198230066,1.0110651840593667,optimal,False,True
MMSYN1_0617,Referans_kisitsiz,,0.3423931198230066,0.0,infeasible,True,False
MMSYN1_0685,Referans_kisitsiz,,0.3423931198230066,0.0,infeasible,True,False
MMSYN1_0607,Referans_kisitsiz,,0.3423931198230066,0.0,infeasible,True,False
MMSYN1_0166,Referans_kisitsiz,0.3423931198231451,0.3423931198230066,1.0000000000004046,optimal,False,False
MMSYN1_0117,Referans_kisitsiz,,0.3423931198230066,0.0,infeasible,True,False
MMSYN1_0216,Referans_kisitsiz,,0.3423931198230066,0.0,infeasible,True,False
MMSYN1_0613,Referans_kisitsiz,,0.3423931198230066,0.0,infeasible,True,False
MMSYN1_0168,Referans_kisitsiz,0.34239311982314496,0.3423931198230066,1.0000000000004041,optimal,False,False
MMSYN1_0886,Referans_kisitsiz,0.3415464399355031,0.3423931198230066,0.9975271702657427,optimal,False,False
MMSYN1_0877,Referans_kisitsiz,,0.3423931198230066,0.0,infeasible,True,False
MMSYN1_0519,Referans_kisitsiz,,0.3423931198230066,0.0,infeasible,True,False
MMSYN1_0684,Referans_kisitsiz,,0.3423931198230066,0.0,infeasible,True,False
MMSYN1_0139,Referans_kisitsiz,,0.3423931198230066,0.0,infeasible,True,False
MMSYN1_0793,Referans_kisitsiz,0.34618176271436213,0.3423931198230066,1.011065184058938,optimal,False,True
MMSYN1_0009,Referans_kisitsiz,,0.3423931198230066,0.0,infeasible,True,False
MMSYN1_0837,Referans_kisitsiz,,0.3423931198230066,0.0,infeasible,True,False
MMSYN1_0798,Referans_kisitsiz,,0.3423931198230066,0.0,infeasible,True,False
MMSYN1_0708,Referans_kisitsiz,,0.3423931198230066,0.0,infeasible,True,False
MMSYN1_0413,Referans_kisitsiz,,0.3423931198230066,0.0,infeasible,True,False
MMSYN1_0794,Referans_kisitsiz,0.3461817627143657,0.3423931198230066,1.0110651840589484,optimal,False,True
MMSYN1_0011,Referans_kisitsiz,,0.3423931198230066,0.0,infeasible,True,False
MMSYN1_0344,Referans_kisitsiz,,0.3423931198230066,0.0,infeasible,True,False
MMSYN1_0513,Referans_kisitsiz,,0.3423931198230066,0.0,infeasible,True,False
MMSYN1_0218,Referans_kisitsiz,,0.3423931198230066,0.0,infeasible,True,False
MMSYN1_0260,Referans_kisitsiz,,0.3423931198230066,0.0,infeasible,True,False
MMSYN1_0529,Referans_kisitsiz,,0.3423931198230066,0.0,infeasible,True,False
MMSYN1_0650,Referans_kisitsiz,,0.3423931198230066,0.0,infeasible,True,False
MMSYN1_0727,Referans_kisitsiz,,0.3423931198230066,0.0,infeasible,True,False
MMSYN1_0528,Referans_kisitsiz,,0.3423931198230066,0.0,infeasible,True,False
MMSYN1_0706,Referans_kisitsiz,,0.3423931198230066,0.0,infeasible,True,False
MMSYN1_0419,Referans_kisitsiz,,0.3423931198230066,0.0,infeasible,True,False
MMSYN1_0163,Referans_kisitsiz,,0.3423931198230066,0.0,infeasible,True,False
MMSYN1_0010,Referans_kisitsiz,,0.3423931198230066,0.0,infeasible,True,False
MMSYN1_0201,Referans_kisitsiz,,0.3423931198230066,0.0,infeasible,True,False
MMSYN1_0262,Referans_kisitsiz,,0.3423931198230066,0.0,infeasible,True,False
MMSYN1_0131,Referans_kisitsiz,,0.3423931198230066,0.0,infeasible,True,False
MMSYN1_0064,Referans_kisitsiz,,0.3423931198230066,0.0,infeasible,True,False
MMSYN1_0133,Referans_kisitsiz,0.3423931198231452,0.3423931198230066,1.0000000000004048,optimal,False,False
MMSYN1_0381,Referans_kisitsiz,0.34239311982314724,0.3423931198230066,1.0000000000004108,optimal,False,False
MMSYN1_0443,Referans_kisitsiz,,0.3423931198230066,0.0,infeasible,True,False
MMSYN1_0606,Referans_kisitsiz,,0.3423931198230066,0.0,infeasible,True,False
MMSYN1_0447,Referans_kisitsiz,,0.3423931198230066,0.0,infeasible,True,False
MMSYN1_0147,Referans_kisitsiz,,0.3423931198230066,0.0,infeasible,True,False
MMSYN1_0822,Referans_kisitsiz,,0.3423931198230066,0.0,infeasible,True,False
MMSYN1_0494,Referans_kisitsiz,0.34239311982314663,0.3423931198230066,1.000000000000409,optimal,False,False
MMSYN1_0688,Referans_kisitsiz,,0.3423931198230066,0.0,infeasible,True,False
MMSYN1_0707,Referans_kisitsiz,,0.3423931198230066,0.0,infeasible,True,False
MMSYN1_0291,Referans_kisitsiz,,0.3423931198230066,0.0,infeasible,True,False
MMSYN1_0167,Referans_kisitsiz,0.3423931198231443,0.3423931198230066,1.0000000000004023,optimal,False,False
MMSYN1_0790,Referans_kisitsiz,0.3461817627143644,0.3423931198230066,1.0110651840589446,optimal,False,True
MMSYN1_0771,Referans_kisitsiz,,0.3423931198230066,0.0,infeasible,True,False
MMSYN1_0076,Referans_kisitsiz,,0.3423931198230066,0.0,infeasible,True,False
MMSYN1_0694,Referans_kisitsiz,,0.3423931198230066,0.0,infeasible,True,False
MMSYN1_0537,Referans_kisitsiz,,0.3423931198230066,0.0,infeasible,True,False
MMSYN1_0380,Referans_kisitsiz,,0.3423931198230066,0.0,infeasible,True,False
MMSYN1_0651,Referans_kisitsiz,,0.3423931198230066,0.0,infeasible,True,False
MMSYN1_0114,Referans_kisitsiz,,0.3423931198230066,0.0,infeasible,True,False
MMSYN1_0796,Referans_kisitsiz,0.3461817627143422,0.3423931198230066,1.0110651840588798,optimal,False,True
MMSYN1_0535,Referans_kisitsiz,,0.3423931198230066,0.0,infeasible,True,False
MMSYN1_0791,Referans_kisitsiz,0.3461817627143653,0.3423931198230066,1.011065184058947,optimal,False,True
MMSYN1_0879,Referans_kisitsiz,,0.3423931198230066,0.0,infeasible,True,False
MMSYN1_0347,Referans_kisitsiz,,0.3423931198230066,0.0,infeasible,True,False
MMSYN1_0621,Referans_kisitsiz,,0.3423931198230066,0.0,infeasible,True,False
MMSYN1_0287,Referans_kisitsiz,,0.3423931198230066,0.0,infeasible,True,False
MMSYN1_0115,Referans_kisitsiz,,0.3423931198230066,0.0,infeasible,True,False
MMSYN1_0195,Referans_kisitsiz,,0.3423931198230066,0.0,infeasible,True,False
MMSYN1_0687,Referans_kisitsiz,,0.3423931198230066,0.0,infeasible,True,False
MMSYN1_0616,Referans_kisitsiz,,0.3423931198230066,0.0,infeasible,True,False
MMSYN1_0495,Referans_kisitsiz,0.34239311982314313,0.3423931198230066,1.0000000000003988,optimal,False,False
MMSYN1_0220,Referans_kisitsiz,,0.3423931198230066,0.0,infeasible,True,False
MMSYN1_0686,Referans_kisitsiz,,0.3423931198230066,0.0,infeasible,True,False
MMSYN1_0233,Referans_kisitsiz,,0.3423931198230066,0.0,infeasible,True,False
MMSYN1_0405,Referans_kisitsiz,,0.3423931198230066,0.0,infeasible,True,False
MMSYN1_0378,Referans_kisitsiz,,0.3423931198230066,0.0,infeasible,True,False
MMSYN1_0213,Referans_kisitsiz,,0.3423931198230066,0.0,infeasible,True,False
MMSYN1_0196,Referans_kisitsiz,,0.3423931198230066,0.0,infeasible,True,False
MMSYN1_0876,Referans_kisitsiz,0.342393119823147,0.3423931198230066,1.0000000000004101,optimal,False,False
MMSYN1_0773,Referans_kisitsiz,,0.3423931198230066,0.0,infeasible,True,False
MMSYN1_0732,Referans_kisitsiz,0.34239311982314485,0.3423931198230066,1.000000000000404,optimal,False,False
MMSYN1_0129,Referans_kisitsiz,,0.3423931198230066,0.0,infeasible,True,False
MMSYN1_0330,Referans_kisitsiz,0.34239311982314297,0.3423931198230066,1.0000000000003983,optimal,False,False
MMSYN1_0733,Referans_kisitsiz,,0.3423931198230066,0.0,infeasible,True,False
MMSYN1_0726,Referans_kisitsiz,0.3423931198231443,0.3423931198230066,1.0000000000004023,optimal,False,False
MMSYN1_0305,Referans_kisitsiz,0.3423931198231472,0.3423931198230066,1.0000000000004106,optimal,False,False
MMSYN1_0008,Referans_kisitsiz,,0.3423931198230066,0.0,infeasible,True,False
MMSYN1_0345,Referans_kisitsiz,,0.3423931198230066,0.0,infeasible,True,False
MMSYN1_0772,Referans_kisitsiz,,0.3423931198230066,0.0,infeasible,True,False
MMSYN1_0789,Referans_kisitsiz,0.34618176271436324,0.3423931198230066,1.011065184058941,optimal,False,True
MMSYN1_0800,Referans_kisitsiz,,0.3423931198230066,0.0,infeasible,True,False
MMSYN1_0282,Referans_kisitsiz,,0.3423931198230066,0.0,infeasible,True,False
MMSYN1_0229,Referans_kisitsiz,0.21531585312475796,0.3423931198230066,0.6288556651957881,optimal,False,False
MMSYN1_0126,Referans_kisitsiz,,0.3423931198230066,0.0,infeasible,True,False
MMSYN1_0493,Referans_kisitsiz,0.3423931198232148,0.3423931198230066,1.0000000000006082,optimal,False,False
MMSYN1_0697,Referans_kisitsiz,0.3423931198231444,0.3423931198230066,1.0000000000004026,optimal,False,False
MMSYN1_0390,Referans_kisitsiz,,0.3423931198230066,0.0,infeasible,True,False
MMSYN1_0641,Referans_kisitsiz,,0.3423931198230066,0.0,infeasible,True,False
MMSYN1_0228,Referans_kisitsiz,0.215315853124759,0.3423931198230066,0.6288556651957911,optimal,False,False
MMSYN1_0165,Referans_kisitsiz,0.34239311982314646,0.3423931198230066,1.0000000000004086,optimal,False,False
MMSYN1_0221,Referans_kisitsiz,,0.3423931198230066,0.0,infeasible,True,False
MMSYN1_0795,Referans_kisitsiz,0.346181762714342,0.3423931198230066,1.0110651840588791,optimal,False,True
MMSYN1_0799,Referans_kisitsiz,,0.3423931198230066,0.0,infeasible,True,False
MMSYN1_0169,Referans_kisitsiz,0.3423931198231452,0.3423931198230066,1.0000000000004048,optimal,False,False
MMSYN1_0747,Referans_kisitsiz,0.339460825308865,0.3423931198230066,0.9914358836542704,optimal,False,False
MMSYN1_0203,Referans_kisitsiz,,0.3423931198230066,0.0,infeasible,True,False
MMSYN1_0314,Referans_kisitsiz,,0.3423931198230066,0.0,infeasible,True,False
MMSYN1_0479,Referans_kisitsiz,0.3423931198231461,0.3423931198230066,1.0000000000004075,optimal,False,False
MMSYN1_0045,Referans_kisitsiz,,0.3423931198230066,0.0,infeasible,True,False
MMSYN1_0197,Referans_kisitsiz,,0.3423931198230066,0.0,infeasible,True,False
MMSYN1_0227,Referans_kisitsiz,0.2153158531247583,0.3423931198230066,0.628855665195789,optimal,False,False
MMSYN1_0214,Referans_kisitsiz,,0.3423931198230066,0.0,infeasible,True,False
MMSYN1_0814,Referans_kisitsiz,,0.3423931198230066,0.0,infeasible,True,False
MMSYN1_0787,Referans_kisitsiz,,0.3423931198230066,0.0,infeasible,True,False
MMSYN1_0425,Mars_bakim_x1.5_marj,,0.018301407281512028,0.0,infeasible,True,False
MMSYN1_0475,Mars_bakim_x1.5_marj,0.018301408054277782,0.018301407281512028,1.0000000422243898,optimal,False,False
MMSYN1_0394,Mars_bakim_x1.5_marj,0.030341073087965544,0.018301407281512028,1.6578546458892216,optimal,False,False
MMSYN1_0316,Mars_bakim_x1.5_marj,,0.018301407281512028,0.0,infeasible,True,False
MMSYN1_0512,Mars_bakim_x1.5_marj,,0.018301407281512028,0.0,infeasible,True,False
MMSYN1_0288,Mars_bakim_x1.5_marj,,0.018301407281512028,0.0,infeasible,True,False
MMSYN1_0426,Mars_bakim_x1.5_marj,,0.018301407281512028,0.0,infeasible,True,False
MMSYN1_0819,Mars_bakim_x1.5_marj,,0.018301407281512028,0.0,infeasible,True,False
MMSYN1_0823,Mars_bakim_x1.5_marj,,0.018301407281512028,0.0,infeasible,True,False
MMSYN1_0779,Mars_bakim_x1.5_marj,,0.018301407281512028,0.0,infeasible,True,False
MMSYN1_0304,Mars_bakim_x1.5_marj,,0.018301407281512028,0.0,infeasible,True,False
MMSYN1_0308,Mars_bakim_x1.5_marj,,0.018301407281512028,0.0,infeasible,True,False
MMSYN1_0435,Mars_bakim_x1.5_marj,0.01830140805427758,0.018301407281512028,1.0000000422243787,optimal,False,False
MMSYN1_0813,Mars_bakim_x1.5_marj,,0.018301407281512028,0.0,infeasible,True,False
MMSYN1_0432,Mars_bakim_x1.5_marj,0.018301408054277376,0.018301407281512028,1.0000000422243676,optimal,False,False
MMSYN1_0445,Mars_bakim_x1.5_marj,,0.018301407281512028,0.0,infeasible,True,False
MMSYN1_0401,Mars_bakim_x1.5_marj,0.01830140805427758,0.018301407281512028,1.0000000422243787,optimal,False,False
MMSYN1_0515,Mars_bakim_x1.5_marj,0.018301408054277667,0.018301407281512028,1.0000000422243835,optimal,False,False
MMSYN1_0643,Mars_bakim_x1.5_marj,,0.018301407281512028,0.0,infeasible,True,False
MMSYN1_0689,Mars_bakim_x1.5_marj,,0.018301407281512028,0.0,infeasible,True,False
MMSYN1_0382,Mars_bakim_x1.5_marj,0.018301408054277376,0.018301407281512028,1.0000000422243676,optimal,False,False
MMSYN1_0113,Mars_bakim_x1.5_marj,,0.018301407281512028,0.0,infeasible,True,False
MMSYN1_0875,Mars_bakim_x1.5_marj,,0.018301407281512028,0.0,infeasible,True,False
MMSYN1_0451,Mars_bakim_x1.5_marj,0.018301408054277376,0.018301407281512028,1.0000000422243676,optimal,False,False
MMSYN1_0836,Mars_bakim_x1.5_marj,,0.018301407281512028,0.0,infeasible,True,False
MMSYN1_0831,Mars_bakim_x1.5_marj,,0.018301407281512028,0.0,infeasible,True,False
MMSYN1_0222,Mars_bakim_x1.5_marj,,0.018301407281512028,0.0,infeasible,True,False
MMSYN1_0427,Mars_bakim_x1.5_marj,,0.018301407281512028,0.0,infeasible,True,False
MMSYN1_0012,Mars_bakim_x1.5_marj,,0.018301407281512028,0.0,infeasible,True,False
MMSYN1_0061,Mars_bakim_x1.5_marj,,0.018301407281512028,0.0,infeasible,True,False
MMSYN1_0234,Mars_bakim_x1.5_marj,,0.018301407281512028,0.0,infeasible,True,False
MMSYN1_0729,Mars_bakim_x1.5_marj,,0.018301407281512028,0.0,infeasible,True,False
MMSYN1_0140,Mars_bakim_x1.5_marj,,0.018301407281512028,0.0,infeasible,True,False
MMSYN1_0634,Mars_bakim_x1.5_marj,,0.018301407281512028,0.0,infeasible,True,False
MMSYN1_0642,Mars_bakim_x1.5_marj,,0.018301407281512028,0.0,infeasible,True,False
MMSYN1_0420,Mars_bakim_x1.5_marj,,0.018301407281512028,0.0,infeasible,True,False
MMSYN1_0444,Mars_bakim_x1.5_marj,0.018301408054277452,0.018301407281512028,1.0000000422243718,optimal,False,False
MMSYN1_0065,Mars_bakim_x1.5_marj,,0.018301407281512028,0.0,infeasible,True,False
MMSYN1_0878,Mars_bakim_x1.5_marj,0.018301408054277695,0.018301407281512028,1.000000042224385,optimal,False,False
MMSYN1_0259,Mars_bakim_x1.5_marj,,0.018301407281512028,0.0,infeasible,True,False
MMSYN1_0230,Mars_bakim_x1.5_marj,,0.018301407281512028,0.0,infeasible,True,False
MMSYN1_0614,Mars_bakim_x1.5_marj,,0.018301407281512028,0.0,infeasible,True,False
MMSYN1_0792,Mars_bakim_x1.5_marj,0.033203481631625315,0.018301407281512028,1.8142583857563388,optimal,False,True
MMSYN1_0617,Mars_bakim_x1.5_marj,,0.018301407281512028,0.0,infeasible,True,False
MMSYN1_0685,Mars_bakim_x1.5_marj,,0.018301407281512028,0.0,infeasible,True,False
MMSYN1_0607,Mars_bakim_x1.5_marj,,0.018301407281512028,0.0,infeasible,True,False
MMSYN1_0166,Mars_bakim_x1.5_marj,0.018301408054277456,0.018301407281512028,1.000000042224372,optimal,False,False
MMSYN1_0117,Mars_bakim_x1.5_marj,,0.018301407281512028,0.0,infeasible,True,False
MMSYN1_0216,Mars_bakim_x1.5_marj,,0.018301407281512028,0.0,infeasible,True,False
MMSYN1_0613,Mars_bakim_x1.5_marj,,0.018301407281512028,0.0,infeasible,True,False
MMSYN1_0168,Mars_bakim_x1.5_marj,0.01830140805427741,0.018301407281512028,1.0000000422243696,optimal,False,False
MMSYN1_0886,Mars_bakim_x1.5_marj,0.018257126428155503,0.018301407281512028,0.997580467300935,optimal,False,False
MMSYN1_0877,Mars_bakim_x1.5_marj,,0.018301407281512028,0.0,infeasible,True,False
MMSYN1_0519,Mars_bakim_x1.5_marj,,0.018301407281512028,0.0,infeasible,True,False
MMSYN1_0684,Mars_bakim_x1.5_marj,,0.018301407281512028,0.0,infeasible,True,False
MMSYN1_0139,Mars_bakim_x1.5_marj,,0.018301407281512028,0.0,infeasible,True,False
MMSYN1_0793,Mars_bakim_x1.5_marj,0.03320348163162476,0.018301407281512028,1.8142583857563084,optimal,False,True
MMSYN1_0009,Mars_bakim_x1.5_marj,,0.018301407281512028,0.0,infeasible,True,False
MMSYN1_0837,Mars_bakim_x1.5_marj,,0.018301407281512028,0.0,infeasible,True,False
MMSYN1_0798,Mars_bakim_x1.5_marj,,0.018301407281512028,0.0,infeasible,True,False
MMSYN1_0708,Mars_bakim_x1.5_marj,,0.018301407281512028,0.0,infeasible,True,False
MMSYN1_0413,Mars_bakim_x1.5_marj,,0.018301407281512028,0.0,infeasible,True,False
MMSYN1_0794,Mars_bakim_x1.5_marj,0.033203481631625245,0.018301407281512028,1.814258385756335,optimal,False,True
MMSYN1_0011,Mars_bakim_x1.5_marj,,0.018301407281512028,0.0,infeasible,True,False
MMSYN1_0344,Mars_bakim_x1.5_marj,,0.018301407281512028,0.0,infeasible,True,False
MMSYN1_0513,Mars_bakim_x1.5_marj,,0.018301407281512028,0.0,infeasible,True,False
MMSYN1_0218,Mars_bakim_x1.5_marj,,0.018301407281512028,0.0,infeasible,True,False
MMSYN1_0260,Mars_bakim_x1.5_marj,,0.018301407281512028,0.0,infeasible,True,False
MMSYN1_0529,Mars_bakim_x1.5_marj,,0.018301407281512028,0.0,infeasible,True,False
MMSYN1_0650,Mars_bakim_x1.5_marj,,0.018301407281512028,0.0,infeasible,True,False
MMSYN1_0727,Mars_bakim_x1.5_marj,,0.018301407281512028,0.0,infeasible,True,False
MMSYN1_0528,Mars_bakim_x1.5_marj,,0.018301407281512028,0.0,infeasible,True,False
MMSYN1_0706,Mars_bakim_x1.5_marj,,0.018301407281512028,0.0,infeasible,True,False
MMSYN1_0419,Mars_bakim_x1.5_marj,,0.018301407281512028,0.0,infeasible,True,False
MMSYN1_0163,Mars_bakim_x1.5_marj,,0.018301407281512028,0.0,infeasible,True,False
MMSYN1_0010,Mars_bakim_x1.5_marj,,0.018301407281512028,0.0,infeasible,True,False
MMSYN1_0201,Mars_bakim_x1.5_marj,,0.018301407281512028,0.0,infeasible,True,False
MMSYN1_0262,Mars_bakim_x1.5_marj,,0.018301407281512028,0.0,infeasible,True,False
MMSYN1_0131,Mars_bakim_x1.5_marj,,0.018301407281512028,0.0,infeasible,True,False
MMSYN1_0064,Mars_bakim_x1.5_marj,,0.018301407281512028,0.0,infeasible,True,False
MMSYN1_0133,Mars_bakim_x1.5_marj,0.018301408054277456,0.018301407281512028,1.000000042224372,optimal,False,False
MMSYN1_0381,Mars_bakim_x1.5_marj,0.018301408054279055,0.018301407281512028,1.0000000422244593,optimal,False,False
MMSYN1_0443,Mars_bakim_x1.5_marj,,0.018301407281512028,0.0,infeasible,True,False
MMSYN1_0606,Mars_bakim_x1.5_marj,,0.018301407281512028,0.0,infeasible,True,False
MMSYN1_0447,Mars_bakim_x1.5_marj,,0.018301407281512028,0.0,infeasible,True,False
MMSYN1_0147,Mars_bakim_x1.5_marj,,0.018301407281512028,0.0,infeasible,True,False
MMSYN1_0822,Mars_bakim_x1.5_marj,,0.018301407281512028,0.0,infeasible,True,False
MMSYN1_0494,Mars_bakim_x1.5_marj,0.01830140805427768,0.018301407281512028,1.0000000422243842,optimal,False,False
MMSYN1_0688,Mars_bakim_x1.5_marj,,0.018301407281512028,0.0,infeasible,True,False
MMSYN1_0707,Mars_bakim_x1.5_marj,,0.018301407281512028,0.0,infeasible,True,False
MMSYN1_0291,Mars_bakim_x1.5_marj,,0.018301407281512028,0.0,infeasible,True,False
MMSYN1_0167,Mars_bakim_x1.5_marj,0.018301408054277244,0.018301407281512028,1.0000000422243605,optimal,False,False
MMSYN1_0790,Mars_bakim_x1.5_marj,0.03320348163162727,0.018301407281512028,1.8142583857564456,optimal,False,True
MMSYN1_0771,Mars_bakim_x1.5_marj,,0.018301407281512028,0.0,infeasible,True,False
MMSYN1_0076,Mars_bakim_x1.5_marj,,0.018301407281512028,0.0,infeasible,True,False
MMSYN1_0694,Mars_bakim_x1.5_marj,,0.018301407281512028,0.0,infeasible,True,False
MMSYN1_0537,Mars_bakim_x1.5_marj,,0.018301407281512028,0.0,infeasible,True,False
MMSYN1_0380,Mars_bakim_x1.5_marj,,0.018301407281512028,0.0,infeasible,True,False
MMSYN1_0651,Mars_bakim_x1.5_marj,,0.018301407281512028,0.0,infeasible,True,False
MMSYN1_0114,Mars_bakim_x1.5_marj,,0.018301407281512028,0.0,infeasible,True,False
MMSYN1_0796,Mars_bakim_x1.5_marj,0.03320348163162537,0.018301407281512028,1.8142583857563417,optimal,False,True
MMSYN1_0535,Mars_bakim_x1.5_marj,,0.018301407281512028,0.0,infeasible,True,False
MMSYN1_0791,Mars_bakim_x1.5_marj,0.03320348163162513,0.018301407281512028,1.8142583857563286,optimal,False,True
MMSYN1_0879,Mars_bakim_x1.5_marj,,0.018301407281512028,0.0,infeasible,True,False
MMSYN1_0347,Mars_bakim_x1.5_marj,,0.018301407281512028,0.0,infeasible,True,False
MMSYN1_0621,Mars_bakim_x1.5_marj,,0.018301407281512028,0.0,infeasible,True,False
MMSYN1_0287,Mars_bakim_x1.5_marj,,0.018301407281512028,0.0,infeasible,True,False
MMSYN1_0115,Mars_bakim_x1.5_marj,,0.018301407281512028,0.0,infeasible,True,False
MMSYN1_0195,Mars_bakim_x1.5_marj,,0.018301407281512028,0.0,infeasible,True,False
MMSYN1_0687,Mars_bakim_x1.5_marj,,0.018301407281512028,0.0,infeasible,True,False
MMSYN1_0616,Mars_bakim_x1.5_marj,,0.018301407281512028,0.0,infeasible,True,False
MMSYN1_0495,Mars_bakim_x1.5_marj,0.01830140805427731,0.018301407281512028,1.000000042224364,optimal,False,False
MMSYN1_0220,Mars_bakim_x1.5_marj,,0.018301407281512028,0.0,infeasible,True,False
MMSYN1_0686,Mars_bakim_x1.5_marj,,0.018301407281512028,0.0,infeasible,True,False
MMSYN1_0233,Mars_bakim_x1.5_marj,,0.018301407281512028,0.0,infeasible,True,False
MMSYN1_0405,Mars_bakim_x1.5_marj,,0.018301407281512028,0.0,infeasible,True,False
MMSYN1_0378,Mars_bakim_x1.5_marj,,0.018301407281512028,0.0,infeasible,True,False
MMSYN1_0213,Mars_bakim_x1.5_marj,,0.018301407281512028,0.0,infeasible,True,False
MMSYN1_0196,Mars_bakim_x1.5_marj,,0.018301407281512028,0.0,infeasible,True,False
MMSYN1_0876,Mars_bakim_x1.5_marj,0.01830140805427763,0.018301407281512028,1.0000000422243813,optimal,False,False
MMSYN1_0773,Mars_bakim_x1.5_marj,,0.018301407281512028,0.0,infeasible,True,False
MMSYN1_0732,Mars_bakim_x1.5_marj,0.01830140805427727,0.018301407281512028,1.0000000422243618,optimal,False,False
MMSYN1_0129,Mars_bakim_x1.5_marj,,0.018301407281512028,0.0,infeasible,True,False
MMSYN1_0330,Mars_bakim_x1.5_marj,0.01830140805427728,0.018301407281512028,1.0000000422243622,optimal,False,False
MMSYN1_0733,Mars_bakim_x1.5_marj,,0.018301407281512028,0.0,infeasible,True,False
MMSYN1_0726,Mars_bakim_x1.5_marj,0.01830140805427769,0.018301407281512028,1.0000000422243849,optimal,False,False
MMSYN1_0305,Mars_bakim_x1.5_marj,0.01830140805427744,0.018301407281512028,1.0000000422243709,optimal,False,False
MMSYN1_0008,Mars_bakim_x1.5_marj,,0.018301407281512028,0.0,infeasible,True,False
MMSYN1_0345,Mars_bakim_x1.5_marj,,0.018301407281512028,0.0,infeasible,True,False
MMSYN1_0772,Mars_bakim_x1.5_marj,,0.018301407281512028,0.0,infeasible,True,False
MMSYN1_0789,Mars_bakim_x1.5_marj,0.0332034816316249,0.018301407281512028,1.814258385756316,optimal,False,True
MMSYN1_0800,Mars_bakim_x1.5_marj,,0.018301407281512028,0.0,infeasible,True,False
MMSYN1_0282,Mars_bakim_x1.5_marj,,0.018301407281512028,0.0,infeasible,True,False
MMSYN1_0229,Mars_bakim_x1.5_marj,,0.018301407281512028,0.0,infeasible,True,False
MMSYN1_0126,Mars_bakim_x1.5_marj,,0.018301407281512028,0.0,infeasible,True,False
MMSYN1_0493,Mars_bakim_x1.5_marj,0.01830140805427755,0.018301407281512028,1.000000042224377,optimal,False,False
MMSYN1_0697,Mars_bakim_x1.5_marj,0.018301408054279097,0.018301407281512028,1.0000000422244617,optimal,False,False
MMSYN1_0390,Mars_bakim_x1.5_marj,,0.018301407281512028,0.0,infeasible,True,False
MMSYN1_0641,Mars_bakim_x1.5_marj,,0.018301407281512028,0.0,infeasible,True,False
MMSYN1_0228,Mars_bakim_x1.5_marj,,0.018301407281512028,0.0,infeasible,True,False
MMSYN1_0165,Mars_bakim_x1.5_marj,0.01830140805427755,0.018301407281512028,1.000000042224377,optimal,False,False
MMSYN1_0221,Mars_bakim_x1.5_marj,,0.018301407281512028,0.0,infeasible,True,False
MMSYN1_0795,Mars_bakim_x1.5_marj,0.03320348163162513,0.018301407281512028,1.8142583857563286,optimal,False,True
MMSYN1_0799,Mars_bakim_x1.5_marj,,0.018301407281512028,0.0,infeasible,True,False
MMSYN1_0169,Mars_bakim_x1.5_marj,0.018301408054277615,0.018301407281512028,1.0000000422243807,optimal,False,False
MMSYN1_0747,Mars_bakim_x1.5_marj,0.01797761901766411,0.018301407281512028,0.982308012773695,optimal,False,False
MMSYN1_0203,Mars_bakim_x1.5_marj,,0.018301407281512028,0.0,infeasible,True,False
MMSYN1_0314,Mars_bakim_x1.5_marj,,0.018301407281512028,0.0,infeasible,True,False
MMSYN1_0479,Mars_bakim_x1.5_marj,0.018301408054277685,0.018301407281512028,1.0000000422243844,optimal,False,False
MMSYN1_0045,Mars_bakim_x1.5_marj,,0.018301407281512028,0.0,infeasible,True,False
MMSYN1_0197,Mars_bakim_x1.5_marj,,0.018301407281512028,0.0,infeasible,True,False
MMSYN1_0227,Mars_bakim_x1.5_marj,,0.018301407281512028,0.0,infeasible,True,False
MMSYN1_0214,Mars_bakim_x1.5_marj,,0.018301407281512028,0.0,infeasible,True,False
MMSYN1_0814,Mars_bakim_x1.5_marj,,0.018301407281512028,0.0,infeasible,True,False
MMSYN1_0787,Mars_bakim_x1.5_marj,,0.018301407281512028,0.0,infeasible,True,False
MMSYN1_0425,Mars_bakim_x2.0_marj,,0.018742883368770398,0.0,infeasible,True,False
MMSYN1_0475,Mars_bakim_x2.0_marj,0.018742883461484443,0.018742883368770398,1.0000000049466267,optimal,False,False
MMSYN1_0394,Mars_bakim_x2.0_marj,0.030782548495172552,0.018742883368770398,1.6423592832286829,optimal,False,False
MMSYN1_0316,Mars_bakim_x2.0_marj,,0.018742883368770398,0.0,infeasible,True,False
MMSYN1_0512,Mars_bakim_x2.0_marj,,0.018742883368770398,0.0,infeasible,True,False
MMSYN1_0288,Mars_bakim_x2.0_marj,,0.018742883368770398,0.0,infeasible,True,False
MMSYN1_0426,Mars_bakim_x2.0_marj,,0.018742883368770398,0.0,infeasible,True,False
MMSYN1_0819,Mars_bakim_x2.0_marj,,0.018742883368770398,0.0,infeasible,True,False
MMSYN1_0823,Mars_bakim_x2.0_marj,,0.018742883368770398,0.0,infeasible,True,False
MMSYN1_0779,Mars_bakim_x2.0_marj,,0.018742883368770398,0.0,infeasible,True,False
MMSYN1_0304,Mars_bakim_x2.0_marj,,0.018742883368770398,0.0,infeasible,True,False
MMSYN1_0308,Mars_bakim_x2.0_marj,,0.018742883368770398,0.0,infeasible,True,False
MMSYN1_0435,Mars_bakim_x2.0_marj,0.01874288346148449,0.018742883368770398,1.000000004946629,optimal,False,False
MMSYN1_0813,Mars_bakim_x2.0_marj,,0.018742883368770398,0.0,infeasible,True,False
MMSYN1_0432,Mars_bakim_x2.0_marj,0.01874288346148441,0.018742883368770398,1.0000000049466249,optimal,False,False
MMSYN1_0445,Mars_bakim_x2.0_marj,,0.018742883368770398,0.0,infeasible,True,False
MMSYN1_0401,Mars_bakim_x2.0_marj,0.01874288346148449,0.018742883368770398,1.000000004946629,optimal,False,False
MMSYN1_0515,Mars_bakim_x2.0_marj,0.01874288346148452,0.018742883368770398,1.0000000049466307,optimal,False,False
MMSYN1_0643,Mars_bakim_x2.0_marj,,0.018742883368770398,0.0,infeasible,True,False
MMSYN1_0689,Mars_bakim_x2.0_marj,,0.018742883368770398,0.0,infeasible,True,False
MMSYN1_0382,Mars_bakim_x2.0_marj,0.01874288346148441,0.018742883368770398,1.0000000049466249,optimal,False,False
MMSYN1_0113,Mars_bakim_x2.0_marj,,0.018742883368770398,0.0,infeasible,True,False
MMSYN1_0875,Mars_bakim_x2.0_marj,,0.018742883368770398,0.0,infeasible,True,False
MMSYN1_0451,Mars_bakim_x2.0_marj,0.01874288346148441,0.018742883368770398,1.0000000049466249,optimal,False,False
MMSYN1_0836,Mars_bakim_x2.0_marj,,0.018742883368770398,0.0,infeasible,True,False
MMSYN1_0831,Mars_bakim_x2.0_marj,,0.018742883368770398,0.0,infeasible,True,False
MMSYN1_0222,Mars_bakim_x2.0_marj,,0.018742883368770398,0.0,infeasible,True,False
MMSYN1_0427,Mars_bakim_x2.0_marj,,0.018742883368770398,0.0,infeasible,True,False
MMSYN1_0012,Mars_bakim_x2.0_marj,,0.018742883368770398,0.0,infeasible,True,False
MMSYN1_0061,Mars_bakim_x2.0_marj,,0.018742883368770398,0.0,infeasible,True,False
MMSYN1_0234,Mars_bakim_x2.0_marj,,0.018742883368770398,0.0,infeasible,True,False
MMSYN1_0729,Mars_bakim_x2.0_marj,,0.018742883368770398,0.0,infeasible,True,False
MMSYN1_0140,Mars_bakim_x2.0_marj,,0.018742883368770398,0.0,infeasible,True,False
MMSYN1_0634,Mars_bakim_x2.0_marj,,0.018742883368770398,0.0,infeasible,True,False
MMSYN1_0642,Mars_bakim_x2.0_marj,,0.018742883368770398,0.0,infeasible,True,False
MMSYN1_0420,Mars_bakim_x2.0_marj,,0.018742883368770398,0.0,infeasible,True,False
MMSYN1_0444,Mars_bakim_x2.0_marj,0.01874288346148439,0.018742883368770398,1.0000000049466238,optimal,False,False
MMSYN1_0065,Mars_bakim_x2.0_marj,,0.018742883368770398,0.0,infeasible,True,False
MMSYN1_0878,Mars_bakim_x2.0_marj,0.018742883461484547,0.018742883368770398,1.0000000049466322,optimal,False,False
MMSYN1_0259,Mars_bakim_x2.0_marj,,0.018742883368770398,0.0,infeasible,True,False
MMSYN1_0230,Mars_bakim_x2.0_marj,,0.018742883368770398,0.0,infeasible,True,False
MMSYN1_0614,Mars_bakim_x2.0_marj,,0.018742883368770398,0.0,infeasible,True,False
MMSYN1_0792,Mars_bakim_x2.0_marj,0.03871953142712842,0.018742883368770398,2.0658257678561527,optimal,False,True
MMSYN1_0617,Mars_bakim_x2.0_marj,,0.018742883368770398,0.0,infeasible,True,False
MMSYN1_0685,Mars_bakim_x2.0_marj,,0.018742883368770398,0.0,infeasible,True,False
MMSYN1_0607,Mars_bakim_x2.0_marj,,0.018742883368770398,0.0,infeasible,True,False
MMSYN1_0166,Mars_bakim_x2.0_marj,0.018742883461484408,0.018742883368770398,1.0000000049466247,optimal,False,False
MMSYN1_0117,Mars_bakim_x2.0_marj,,0.018742883368770398,0.0,infeasible,True,False
MMSYN1_0216,Mars_bakim_x2.0_marj,,0.018742883368770398,0.0,infeasible,True,False
MMSYN1_0613,Mars_bakim_x2.0_marj,,0.018742883368770398,0.0,infeasible,True,False
MMSYN1_0168,Mars_bakim_x2.0_marj,0.018742883461484387,0.018742883368770398,1.0000000049466236,optimal,False,False
MMSYN1_0886,Mars_bakim_x2.0_marj,0.018697533652583847,0.018742883368770398,0.997580430113431,optimal,False,False
MMSYN1_0877,Mars_bakim_x2.0_marj,,0.018742883368770398,0.0,infeasible,True,False
MMSYN1_0519,Mars_bakim_x2.0_marj,,0.018742883368770398,0.0,infeasible,True,False
MMSYN1_0684,Mars_bakim_x2.0_marj,,0.018742883368770398,0.0,infeasible,True,False
MMSYN1_0139,Mars_bakim_x2.0_marj,,0.018742883368770398,0.0,infeasible,True,False
MMSYN1_0793,Mars_bakim_x2.0_marj,0.038719531427127835,0.018742883368770398,2.0658257678561216,optimal,False,True
MMSYN1_0009,Mars_bakim_x2.0_marj,,0.018742883368770398,0.0,infeasible,True,False
MMSYN1_0837,Mars_bakim_x2.0_marj,,0.018742883368770398,0.0,infeasible,True,False
MMSYN1_0798,Mars_bakim_x2.0_marj,,0.018742883368770398,0.0,infeasible,True,False
MMSYN1_0708,Mars_bakim_x2.0_marj,,0.018742883368770398,0.0,infeasible,True,False
MMSYN1_0413,Mars_bakim_x2.0_marj,,0.018742883368770398,0.0,infeasible,True,False
MMSYN1_0794,Mars_bakim_x2.0_marj,0.03871953142712845,0.018742883368770398,2.0658257678561545,optimal,False,True
MMSYN1_0011,Mars_bakim_x2.0_marj,,0.018742883368770398,0.0,infeasible,True,False
MMSYN1_0344,Mars_bakim_x2.0_marj,,0.018742883368770398,0.0,infeasible,True,False
MMSYN1_0513,Mars_bakim_x2.0_marj,,0.018742883368770398,0.0,infeasible,True,False
MMSYN1_0218,Mars_bakim_x2.0_marj,,0.018742883368770398,0.0,infeasible,True,False
MMSYN1_0260,Mars_bakim_x2.0_marj,,0.018742883368770398,0.0,infeasible,True,False
MMSYN1_0529,Mars_bakim_x2.0_marj,,0.018742883368770398,0.0,infeasible,True,False
MMSYN1_0650,Mars_bakim_x2.0_marj,,0.018742883368770398,0.0,infeasible,True,False
MMSYN1_0727,Mars_bakim_x2.0_marj,,0.018742883368770398,0.0,infeasible,True,False
MMSYN1_0528,Mars_bakim_x2.0_marj,,0.018742883368770398,0.0,infeasible,True,False
MMSYN1_0706,Mars_bakim_x2.0_marj,,0.018742883368770398,0.0,infeasible,True,False
MMSYN1_0419,Mars_bakim_x2.0_marj,,0.018742883368770398,0.0,infeasible,True,False
MMSYN1_0163,Mars_bakim_x2.0_marj,,0.018742883368770398,0.0,infeasible,True,False
MMSYN1_0010,Mars_bakim_x2.0_marj,,0.018742883368770398,0.0,infeasible,True,False
MMSYN1_0201,Mars_bakim_x2.0_marj,,0.018742883368770398,0.0,infeasible,True,False
MMSYN1_0262,Mars_bakim_x2.0_marj,,0.018742883368770398,0.0,infeasible,True,False
MMSYN1_0131,Mars_bakim_x2.0_marj,,0.018742883368770398,0.0,infeasible,True,False
MMSYN1_0064,Mars_bakim_x2.0_marj,,0.018742883368770398,0.0,infeasible,True,False
MMSYN1_0133,Mars_bakim_x2.0_marj,0.018742883461484405,0.018742883368770398,1.0000000049466244,optimal,False,False
MMSYN1_0381,Mars_bakim_x2.0_marj,0.018742883461485553,0.018742883368770398,1.0000000049466857,optimal,False,False
MMSYN1_0443,Mars_bakim_x2.0_marj,,0.018742883368770398,0.0,infeasible,True,False
MMSYN1_0606,Mars_bakim_x2.0_marj,,0.018742883368770398,0.0,infeasible,True,False
MMSYN1_0447,Mars_bakim_x2.0_marj,,0.018742883368770398,0.0,infeasible,True,False
MMSYN1_0147,Mars_bakim_x2.0_marj,,0.018742883368770398,0.0,infeasible,True,False
MMSYN1_0822,Mars_bakim_x2.0_marj,,0.018742883368770398,0.0,infeasible,True,False
MMSYN1_0494,Mars_bakim_x2.0_marj,0.018742883461484706,0.018742883368770398,1.0000000049466407,optimal,False,False
MMSYN1_0688,Mars_bakim_x2.0_marj,,0.018742883368770398,0.0,infeasible,True,False
MMSYN1_0707,Mars_bakim_x2.0_marj,,0.018742883368770398,0.0,infeasible,True,False
MMSYN1_0291,Mars_bakim_x2.0_marj,,0.018742883368770398,0.0,infeasible,True,False
MMSYN1_0167,Mars_bakim_x2.0_marj,0.01874288346148411,0.018742883368770398,1.000000004946609,optimal,False,False
MMSYN1_0790,Mars_bakim_x2.0_marj,0.038719531427131304,0.018742883368770398,2.0658257678563063,optimal,False,True
MMSYN1_0771,Mars_bakim_x2.0_marj,,0.018742883368770398,0.0,infeasible,True,False
MMSYN1_0076,Mars_bakim_x2.0_marj,,0.018742883368770398,0.0,infeasible,True,False
MMSYN1_0694,Mars_bakim_x2.0_marj,,0.018742883368770398,0.0,infeasible,True,False
MMSYN1_0537,Mars_bakim_x2.0_marj,,0.018742883368770398,0.0,infeasible,True,False
MMSYN1_0380,Mars_bakim_x2.0_marj,,0.018742883368770398,0.0,infeasible,True,False
MMSYN1_0651,Mars_bakim_x2.0_marj,,0.018742883368770398,0.0,infeasible,True,False
MMSYN1_0114,Mars_bakim_x2.0_marj,,0.018742883368770398,0.0,infeasible,True,False
MMSYN1_0796,Mars_bakim_x2.0_marj,0.03871953142712845,0.018742883368770398,2.0658257678561545,optimal,False,True
MMSYN1_0535,Mars_bakim_x2.0_marj,,0.018742883368770398,0.0,infeasible,True,False
MMSYN1_0791,Mars_bakim_x2.0_marj,0.03871953142712808,0.018742883368770398,2.0658257678561345,optimal,False,True
MMSYN1_0879,Mars_bakim_x2.0_marj,,0.018742883368770398,0.0,infeasible,True,False
MMSYN1_0347,Mars_bakim_x2.0_marj,,0.018742883368770398,0.0,infeasible,True,False
MMSYN1_0621,Mars_bakim_x2.0_marj,,0.018742883368770398,0.0,infeasible,True,False
MMSYN1_0287,Mars_bakim_x2.0_marj,,0.018742883368770398,0.0,infeasible,True,False
MMSYN1_0115,Mars_bakim_x2.0_marj,,0.018742883368770398,0.0,infeasible,True,False
MMSYN1_0195,Mars_bakim_x2.0_marj,,0.018742883368770398,0.0,infeasible,True,False
MMSYN1_0687,Mars_bakim_x2.0_marj,,0.018742883368770398,0.0,infeasible,True,False
MMSYN1_0616,Mars_bakim_x2.0_marj,,0.018742883368770398,0.0,infeasible,True,False
MMSYN1_0495,Mars_bakim_x2.0_marj,0.018742883461484262,0.018742883368770398,1.000000004946617,optimal,False,False
MMSYN1_0220,Mars_bakim_x2.0_marj,,0.018742883368770398,0.0,infeasible,True,False
MMSYN1_0686,Mars_bakim_x2.0_marj,,0.018742883368770398,0.0,infeasible,True,False
MMSYN1_0233,Mars_bakim_x2.0_marj,,0.018742883368770398,0.0,infeasible,True,False
MMSYN1_0405,Mars_bakim_x2.0_marj,,0.018742883368770398,0.0,infeasible,True,False
MMSYN1_0378,Mars_bakim_x2.0_marj,,0.018742883368770398,0.0,infeasible,True,False
MMSYN1_0213,Mars_bakim_x2.0_marj,,0.018742883368770398,0.0,infeasible,True,False
MMSYN1_0196,Mars_bakim_x2.0_marj,,0.018742883368770398,0.0,infeasible,True,False
MMSYN1_0876,Mars_bakim_x2.0_marj,0.01874288346148462,0.018742883368770398,1.000000004946636,optimal,False,False
MMSYN1_0773,Mars_bakim_x2.0_marj,,0.018742883368770398,0.0,infeasible,True,False
MMSYN1_0732,Mars_bakim_x2.0_marj,0.018742883461484235,0.018742883368770398,1.0000000049466156,optimal,False,False
MMSYN1_0129,Mars_bakim_x2.0_marj,,0.018742883368770398,0.0,infeasible,True,False
MMSYN1_0330,Mars_bakim_x2.0_marj,0.01874288346148424,0.018742883368770398,1.0000000049466158,optimal,False,False
MMSYN1_0733,Mars_bakim_x2.0_marj,,0.018742883368770398,0.0,infeasible,True,False
MMSYN1_0726,Mars_bakim_x2.0_marj,0.018742883461484384,0.018742883368770398,1.0000000049466233,optimal,False,False
MMSYN1_0305,Mars_bakim_x2.0_marj,0.01874288346148457,0.018742883368770398,1.0000000049466333,optimal,False,False
MMSYN1_0008,Mars_bakim_x2.0_marj,,0.018742883368770398,0.0,infeasible,True,False
MMSYN1_0345,Mars_bakim_x2.0_marj,,0.018742883368770398,0.0,infeasible,True,False
MMSYN1_0772,Mars_bakim_x2.0_marj,,0.018742883368770398,0.0,infeasible,True,False
MMSYN1_0789,Mars_bakim_x2.0_marj,0.038719531427128105,0.018742883368770398,2.065825767856136,optimal,False,True
MMSYN1_0800,Mars_bakim_x2.0_marj,,0.018742883368770398,0.0,infeasible,True,False
MMSYN1_0282,Mars_bakim_x2.0_marj,,0.018742883368770398,0.0,infeasible,True,False
MMSYN1_0229,Mars_bakim_x2.0_marj,,0.018742883368770398,0.0,infeasible,True,False
MMSYN1_0126,Mars_bakim_x2.0_marj,,0.018742883368770398,0.0,infeasible,True,False
MMSYN1_0493,Mars_bakim_x2.0_marj,0.018742883461484637,0.018742883368770398,1.0000000049466369,optimal,False,False
MMSYN1_0697,Mars_bakim_x2.0_marj,0.01874288346148433,0.018742883368770398,1.0000000049466204,optimal,False,False
MMSYN1_0390,Mars_bakim_x2.0_marj,,0.018742883368770398,0.0,infeasible,True,False
MMSYN1_0641,Mars_bakim_x2.0_marj,,0.018742883368770398,0.0,infeasible,True,False
MMSYN1_0228,Mars_bakim_x2.0_marj,,0.018742883368770398,0.0,infeasible,True,False
MMSYN1_0165,Mars_bakim_x2.0_marj,0.018742883461484627,0.018742883368770398,1.0000000049466364,optimal,False,False
MMSYN1_0221,Mars_bakim_x2.0_marj,,0.018742883368770398,0.0,infeasible,True,False
MMSYN1_0795,Mars_bakim_x2.0_marj,0.03871953142712813,0.018742883368770398,2.065825767856137,optimal,False,True
MMSYN1_0799,Mars_bakim_x2.0_marj,,0.018742883368770398,0.0,infeasible,True,False
MMSYN1_0169,Mars_bakim_x2.0_marj,0.01874288346148461,0.018742883368770398,1.0000000049466355,optimal,False,False
MMSYN1_0747,Mars_bakim_x2.0_marj,0.018411782548458835,0.018742883368770398,0.9823345846102182,optimal,False,False
MMSYN1_0203,Mars_bakim_x2.0_marj,,0.018742883368770398,0.0,infeasible,True,False
MMSYN1_0314,Mars_bakim_x2.0_marj,,0.018742883368770398,0.0,infeasible,True,False
MMSYN1_0479,Mars_bakim_x2.0_marj,0.018742883461484595,0.018742883368770398,1.0000000049466347,optimal,False,False
MMSYN1_0045,Mars_bakim_x2.0_marj,,0.018742883368770398,0.0,infeasible,True,False
MMSYN1_0197,Mars_bakim_x2.0_marj,,0.018742883368770398,0.0,infeasible,True,False
MMSYN1_0227,Mars_bakim_x2.0_marj,,0.018742883368770398,0.0,infeasible,True,False
MMSYN1_0214,Mars_bakim_x2.0_marj,,0.018742883368770398,0.0,infeasible,True,False
MMSYN1_0814,Mars_bakim_x2.0_marj,,0.018742883368770398,0.0,infeasible,True,False
MMSYN1_0787,Mars_bakim_x2.0_marj,,0.018742883368770398,0.0,infeasible,True,False
MMSYN1_0425,Mars_bakim_x3.0_marj,,0.019625833572785335,0.0,infeasible,True,False
MMSYN1_0475,Mars_bakim_x3.0_marj,0.019625834275898545,0.019625833572785335,1.000000035825903,optimal,False,False
MMSYN1_0394,Mars_bakim_x3.0_marj,0.03166549930958647,0.019625833572785335,1.6134600954476779,optimal,False,False
MMSYN1_0316,Mars_bakim_x3.0_marj,,0.019625833572785335,0.0,infeasible,True,False
MMSYN1_0512,Mars_bakim_x3.0_marj,,0.019625833572785335,0.0,infeasible,True,False
MMSYN1_0288,Mars_bakim_x3.0_marj,,0.019625833572785335,0.0,infeasible,True,False
MMSYN1_0426,Mars_bakim_x3.0_marj,,0.019625833572785335,0.0,infeasible,True,False
MMSYN1_0819,Mars_bakim_x3.0_marj,,0.019625833572785335,0.0,infeasible,True,False
MMSYN1_0823,Mars_bakim_x3.0_marj,,0.019625833572785335,0.0,infeasible,True,False
MMSYN1_0779,Mars_bakim_x3.0_marj,,0.019625833572785335,0.0,infeasible,True,False
MMSYN1_0304,Mars_bakim_x3.0_marj,,0.019625833572785335,0.0,infeasible,True,False
MMSYN1_0308,Mars_bakim_x3.0_marj,,0.019625833572785335,0.0,infeasible,True,False
MMSYN1_0435,Mars_bakim_x3.0_marj,0.019625834275898587,0.019625833572785335,1.0000000358259051,optimal,False,False
MMSYN1_0813,Mars_bakim_x3.0_marj,,0.019625833572785335,0.0,infeasible,True,False
MMSYN1_0432,Mars_bakim_x3.0_marj,0.019625834275898427,0.019625833572785335,1.000000035825897,optimal,False,False
MMSYN1_0445,Mars_bakim_x3.0_marj,,0.019625833572785335,0.0,infeasible,True,False
MMSYN1_0401,Mars_bakim_x3.0_marj,0.019625834275898587,0.019625833572785335,1.0000000358259051,optimal,False,False
MMSYN1_0515,Mars_bakim_x3.0_marj,0.019625834275898736,0.019625833572785335,1.0000000358259127,optimal,False,False
MMSYN1_0643,Mars_bakim_x3.0_marj,,0.019625833572785335,0.0,infeasible,True,False
MMSYN1_0689,Mars_bakim_x3.0_marj,,0.019625833572785335,0.0,infeasible,True,False
MMSYN1_0382,Mars_bakim_x3.0_marj,0.019625834275898427,0.019625833572785335,1.000000035825897,optimal,False,False
MMSYN1_0113,Mars_bakim_x3.0_marj,,0.019625833572785335,0.0,infeasible,True,False
MMSYN1_0875,Mars_bakim_x3.0_marj,,0.019625833572785335,0.0,infeasible,True,False
MMSYN1_0451,Mars_bakim_x3.0_marj,0.019625834275898427,0.019625833572785335,1.000000035825897,optimal,False,False
MMSYN1_0836,Mars_bakim_x3.0_marj,,0.019625833572785335,0.0,infeasible,True,False
MMSYN1_0831,Mars_bakim_x3.0_marj,,0.019625833572785335,0.0,infeasible,True,False
MMSYN1_0222,Mars_bakim_x3.0_marj,,0.019625833572785335,0.0,infeasible,True,False
MMSYN1_0427,Mars_bakim_x3.0_marj,,0.019625833572785335,0.0,infeasible,True,False
MMSYN1_0012,Mars_bakim_x3.0_marj,,0.019625833572785335,0.0,infeasible,True,False
MMSYN1_0061,Mars_bakim_x3.0_marj,,0.019625833572785335,0.0,infeasible,True,False
MMSYN1_0234,Mars_bakim_x3.0_marj,,0.019625833572785335,0.0,infeasible,True,False
MMSYN1_0729,Mars_bakim_x3.0_marj,,0.019625833572785335,0.0,infeasible,True,False
MMSYN1_0140,Mars_bakim_x3.0_marj,,0.019625833572785335,0.0,infeasible,True,False
MMSYN1_0634,Mars_bakim_x3.0_marj,,0.019625833572785335,0.0,infeasible,True,False
MMSYN1_0642,Mars_bakim_x3.0_marj,,0.019625833572785335,0.0,infeasible,True,False
MMSYN1_0420,Mars_bakim_x3.0_marj,,0.019625833572785335,0.0,infeasible,True,False
MMSYN1_0444,Mars_bakim_x3.0_marj,0.01962583427589853,0.019625833572785335,1.0000000358259022,optimal,False,False
MMSYN1_0065,Mars_bakim_x3.0_marj,,0.019625833572785335,0.0,infeasible,True,False
MMSYN1_0878,Mars_bakim_x3.0_marj,0.019625834275898417,0.019625833572785335,1.0000000358258965,optimal,False,False
MMSYN1_0259,Mars_bakim_x3.0_marj,,0.019625833572785335,0.0,infeasible,True,False
MMSYN1_0230,Mars_bakim_x3.0_marj,,0.019625833572785335,0.0,infeasible,True,False
MMSYN1_0614,Mars_bakim_x3.0_marj,,0.019625833572785335,0.0,infeasible,True,False
MMSYN1_0792,Mars_bakim_x3.0_marj,0.049751631018134505,0.019625833572785335,2.53500728178618,optimal,False,True
MMSYN1_0617,Mars_bakim_x3.0_marj,,0.019625833572785335,0.0,infeasible,True,False
MMSYN1_0685,Mars_bakim_x3.0_marj,,0.019625833572785335,0.0,infeasible,True,False
MMSYN1_0607,Mars_bakim_x3.0_marj,,0.019625833572785335,0.0,infeasible,True,False
MMSYN1_0166,Mars_bakim_x3.0_marj,0.019625834275898462,0.019625833572785335,1.0000000358258987,optimal,False,False
MMSYN1_0117,Mars_bakim_x3.0_marj,,0.019625833572785335,0.0,infeasible,True,False
MMSYN1_0216,Mars_bakim_x3.0_marj,,0.019625833572785335,0.0,infeasible,True,False
MMSYN1_0613,Mars_bakim_x3.0_marj,,0.019625833572785335,0.0,infeasible,True,False
MMSYN1_0168,Mars_bakim_x3.0_marj,0.019625834275898313,0.019625833572785335,1.0000000358258911,optimal,False,False
MMSYN1_0886,Mars_bakim_x3.0_marj,0.01957834810143647,0.019625833572785335,0.9975804609178632,optimal,False,False
MMSYN1_0877,Mars_bakim_x3.0_marj,,0.019625833572785335,0.0,infeasible,True,False
MMSYN1_0519,Mars_bakim_x3.0_marj,,0.019625833572785335,0.0,infeasible,True,False
MMSYN1_0684,Mars_bakim_x3.0_marj,,0.019625833572785335,0.0,infeasible,True,False
MMSYN1_0139,Mars_bakim_x3.0_marj,,0.019625833572785335,0.0,infeasible,True,False
MMSYN1_0793,Mars_bakim_x3.0_marj,0.049751631018133895,0.019625833572785335,2.535007281786149,optimal,False,True
MMSYN1_0009,Mars_bakim_x3.0_marj,,0.019625833572785335,0.0,infeasible,True,False
MMSYN1_0837,Mars_bakim_x3.0_marj,,0.019625833572785335,0.0,infeasible,True,False
MMSYN1_0798,Mars_bakim_x3.0_marj,,0.019625833572785335,0.0,infeasible,True,False
MMSYN1_0708,Mars_bakim_x3.0_marj,,0.019625833572785335,0.0,infeasible,True,False
MMSYN1_0413,Mars_bakim_x3.0_marj,,0.019625833572785335,0.0,infeasible,True,False
MMSYN1_0794,Mars_bakim_x3.0_marj,0.049751631018134665,0.019625833572785335,2.535007281786188,optimal,False,True
MMSYN1_0011,Mars_bakim_x3.0_marj,,0.019625833572785335,0.0,infeasible,True,False
MMSYN1_0344,Mars_bakim_x3.0_marj,,0.019625833572785335,0.0,infeasible,True,False
MMSYN1_0513,Mars_bakim_x3.0_marj,,0.019625833572785335,0.0,infeasible,True,False
MMSYN1_0218,Mars_bakim_x3.0_marj,,0.019625833572785335,0.0,infeasible,True,False
MMSYN1_0260,Mars_bakim_x3.0_marj,,0.019625833572785335,0.0,infeasible,True,False
MMSYN1_0529,Mars_bakim_x3.0_marj,,0.019625833572785335,0.0,infeasible,True,False
MMSYN1_0650,Mars_bakim_x3.0_marj,,0.019625833572785335,0.0,infeasible,True,False
MMSYN1_0727,Mars_bakim_x3.0_marj,,0.019625833572785335,0.0,infeasible,True,False
MMSYN1_0528,Mars_bakim_x3.0_marj,,0.019625833572785335,0.0,infeasible,True,False
MMSYN1_0706,Mars_bakim_x3.0_marj,,0.019625833572785335,0.0,infeasible,True,False
MMSYN1_0419,Mars_bakim_x3.0_marj,,0.019625833572785335,0.0,infeasible,True,False
MMSYN1_0163,Mars_bakim_x3.0_marj,,0.019625833572785335,0.0,infeasible,True,False
MMSYN1_0010,Mars_bakim_x3.0_marj,,0.019625833572785335,0.0,infeasible,True,False
MMSYN1_0201,Mars_bakim_x3.0_marj,,0.019625833572785335,0.0,infeasible,True,False
MMSYN1_0262,Mars_bakim_x3.0_marj,,0.019625833572785335,0.0,infeasible,True,False
MMSYN1_0131,Mars_bakim_x3.0_marj,,0.019625833572785335,0.0,infeasible,True,False
MMSYN1_0064,Mars_bakim_x3.0_marj,,0.019625833572785335,0.0,infeasible,True,False
MMSYN1_0133,Mars_bakim_x3.0_marj,0.01962583427589855,0.019625833572785335,1.0000000358259031,optimal,False,False
MMSYN1_0381,Mars_bakim_x3.0_marj,0.019625834275896415,0.019625833572785335,1.0000000358257946,optimal,False,False
MMSYN1_0443,Mars_bakim_x3.0_marj,,0.019625833572785335,0.0,infeasible,True,False
MMSYN1_0606,Mars_bakim_x3.0_marj,,0.019625833572785335,0.0,infeasible,True,False
MMSYN1_0447,Mars_bakim_x3.0_marj,,0.019625833572785335,0.0,infeasible,True,False
MMSYN1_0147,Mars_bakim_x3.0_marj,,0.019625833572785335,0.0,infeasible,True,False
MMSYN1_0822,Mars_bakim_x3.0_marj,,0.019625833572785335,0.0,infeasible,True,False
MMSYN1_0494,Mars_bakim_x3.0_marj,0.019625834275898667,0.019625833572785335,1.0000000358259091,optimal,False,False
MMSYN1_0688,Mars_bakim_x3.0_marj,,0.019625833572785335,0.0,infeasible,True,False
MMSYN1_0707,Mars_bakim_x3.0_marj,,0.019625833572785335,0.0,infeasible,True,False
MMSYN1_0291,Mars_bakim_x3.0_marj,,0.019625833572785335,0.0,infeasible,True,False
MMSYN1_0167,Mars_bakim_x3.0_marj,0.019625834275898184,0.019625833572785335,1.0000000358258847,optimal,False,False
MMSYN1_0790,Mars_bakim_x3.0_marj,0.04975163101813865,0.019625833572785335,2.535007281786391,optimal,False,True
MMSYN1_0771,Mars_bakim_x3.0_marj,,0.019625833572785335,0.0,infeasible,True,False
MMSYN1_0076,Mars_bakim_x3.0_marj,,0.019625833572785335,0.0,infeasible,True,False
MMSYN1_0694,Mars_bakim_x3.0_marj,,0.019625833572785335,0.0,infeasible,True,False
MMSYN1_0537,Mars_bakim_x3.0_marj,,0.019625833572785335,0.0,infeasible,True,False
MMSYN1_0380,Mars_bakim_x3.0_marj,,0.019625833572785335,0.0,infeasible,True,False
MMSYN1_0651,Mars_bakim_x3.0_marj,,0.019625833572785335,0.0,infeasible,True,False
MMSYN1_0114,Mars_bakim_x3.0_marj,,0.019625833572785335,0.0,infeasible,True,False
MMSYN1_0796,Mars_bakim_x3.0_marj,0.049751631018134665,0.019625833572785335,2.535007281786188,optimal,False,True
MMSYN1_0535,Mars_bakim_x3.0_marj,,0.019625833572785335,0.0,infeasible,True,False
MMSYN1_0791,Mars_bakim_x3.0_marj,0.049751631018134006,0.019625833572785335,2.5350072817861546,optimal,False,True
MMSYN1_0879,Mars_bakim_x3.0_marj,,0.019625833572785335,0.0,infeasible,True,False
MMSYN1_0347,Mars_bakim_x3.0_marj,,0.019625833572785335,0.0,infeasible,True,False
MMSYN1_0621,Mars_bakim_x3.0_marj,,0.019625833572785335,0.0,infeasible,True,False
MMSYN1_0287,Mars_bakim_x3.0_marj,,0.019625833572785335,0.0,infeasible,True,False
MMSYN1_0115,Mars_bakim_x3.0_marj,,0.019625833572785335,0.0,infeasible,True,False
MMSYN1_0195,Mars_bakim_x3.0_marj,,0.019625833572785335,0.0,infeasible,True,False
MMSYN1_0687,Mars_bakim_x3.0_marj,,0.019625833572785335,0.0,infeasible,True,False
MMSYN1_0616,Mars_bakim_x3.0_marj,,0.019625833572785335,0.0,infeasible,True,False
MMSYN1_0495,Mars_bakim_x3.0_marj,0.019625834275898084,0.019625833572785335,1.0000000358258796,optimal,False,False
MMSYN1_0220,Mars_bakim_x3.0_marj,,0.019625833572785335,0.0,infeasible,True,False
MMSYN1_0686,Mars_bakim_x3.0_marj,,0.019625833572785335,0.0,infeasible,True,False
MMSYN1_0233,Mars_bakim_x3.0_marj,,0.019625833572785335,0.0,infeasible,True,False
MMSYN1_0405,Mars_bakim_x3.0_marj,,0.019625833572785335,0.0,infeasible,True,False
MMSYN1_0378,Mars_bakim_x3.0_marj,,0.019625833572785335,0.0,infeasible,True,False
MMSYN1_0213,Mars_bakim_x3.0_marj,,0.019625833572785335,0.0,infeasible,True,False
MMSYN1_0196,Mars_bakim_x3.0_marj,,0.019625833572785335,0.0,infeasible,True,False
MMSYN1_0876,Mars_bakim_x3.0_marj,0.019625834275898636,0.019625833572785335,1.0000000358259076,optimal,False,False
MMSYN1_0773,Mars_bakim_x3.0_marj,,0.019625833572785335,0.0,infeasible,True,False
MMSYN1_0732,Mars_bakim_x3.0_marj,0.019625834275898316,0.019625833572785335,1.0000000358258914,optimal,False,False
MMSYN1_0129,Mars_bakim_x3.0_marj,,0.019625833572785335,0.0,infeasible,True,False
MMSYN1_0330,Mars_bakim_x3.0_marj,0.019625834275898327,0.019625833572785335,1.0000000358258918,optimal,False,False
MMSYN1_0733,Mars_bakim_x3.0_marj,,0.019625833572785335,0.0,infeasible,True,False
MMSYN1_0726,Mars_bakim_x3.0_marj,0.01962583427589885,0.019625833572785335,1.0000000358259185,optimal,False,False
MMSYN1_0305,Mars_bakim_x3.0_marj,0.01962583427589842,0.019625833572785335,1.0000000358258967,optimal,False,False
MMSYN1_0008,Mars_bakim_x3.0_marj,,0.019625833572785335,0.0,infeasible,True,False
MMSYN1_0345,Mars_bakim_x3.0_marj,,0.019625833572785335,0.0,infeasible,True,False
MMSYN1_0772,Mars_bakim_x3.0_marj,,0.019625833572785335,0.0,infeasible,True,False
MMSYN1_0789,Mars_bakim_x3.0_marj,0.04975163101813421,0.019625833572785335,2.535007281786165,optimal,False,True
MMSYN1_0800,Mars_bakim_x3.0_marj,,0.019625833572785335,0.0,infeasible,True,False
MMSYN1_0282,Mars_bakim_x3.0_marj,,0.019625833572785335,0.0,infeasible,True,False
MMSYN1_0229,Mars_bakim_x3.0_marj,,0.019625833572785335,0.0,infeasible,True,False
MMSYN1_0126,Mars_bakim_x3.0_marj,,0.019625833572785335,0.0,infeasible,True,False
MMSYN1_0493,Mars_bakim_x3.0_marj,0.019625834275898604,0.019625833572785335,1.000000035825906,optimal,False,False
MMSYN1_0697,Mars_bakim_x3.0_marj,0.0196258342759014,0.019625833572785335,1.0000000358260486,optimal,False,False
MMSYN1_0390,Mars_bakim_x3.0_marj,,0.019625833572785335,0.0,infeasible,True,False
MMSYN1_0641,Mars_bakim_x3.0_marj,,0.019625833572785335,0.0,infeasible,True,False
MMSYN1_0228,Mars_bakim_x3.0_marj,,0.019625833572785335,0.0,infeasible,True,False
MMSYN1_0165,Mars_bakim_x3.0_marj,0.019625834275898636,0.019625833572785335,1.0000000358259076,optimal,False,False
MMSYN1_0221,Mars_bakim_x3.0_marj,,0.019625833572785335,0.0,infeasible,True,False
MMSYN1_0795,Mars_bakim_x3.0_marj,0.04975163101813428,0.019625833572785335,2.535007281786169,optimal,False,True
MMSYN1_0799,Mars_bakim_x3.0_marj,,0.019625833572785335,0.0,infeasible,True,False
MMSYN1_0169,Mars_bakim_x3.0_marj,0.019625834275898167,0.019625833572785335,1.0000000358258838,optimal,False,False
MMSYN1_0747,Mars_bakim_x3.0_marj,0.019280109610043956,0.019625833572785335,0.9823842405745871,optimal,False,False
MMSYN1_0203,Mars_bakim_x3.0_marj,,0.019625833572785335,0.0,infeasible,True,False
MMSYN1_0314,Mars_bakim_x3.0_marj,,0.019625833572785335,0.0,infeasible,True,False
MMSYN1_0479,Mars_bakim_x3.0_marj,0.019625834275898636,0.019625833572785335,1.0000000358259076,optimal,False,False
MMSYN1_0045,Mars_bakim_x3.0_marj,,0.019625833572785335,0.0,infeasible,True,False
MMSYN1_0197,Mars_bakim_x3.0_marj,,0.019625833572785335,0.0,infeasible,True,False
MMSYN1_0227,Mars_bakim_x3.0_marj,,0.019625833572785335,0.0,infeasible,True,False
MMSYN1_0214,Mars_bakim_x3.0_marj,,0.019625833572785335,0.0,infeasible,True,False
MMSYN1_0814,Mars_bakim_x3.0_marj,,0.019625833572785335,0.0,infeasible,True,False
MMSYN1_0787,Mars_bakim_x3.0_marj,,0.019625833572785335,0.0,infeasible,True,False
